{
  "chest": {
    "rotation": [
      0,
      0,
      0,
      1
    ]
  },
  "head": {
    "rotation": [
      0.0038472689863162665,
      0.1738214418793078,
      0.08006855462899068,
      0.9815092110744401
    ]
  },
  "hips": {
    "rotation": [
      0.005411929916928835,
      0,
      0,
      0.999985355400055
    ]
  },
  "leftEye": {
    "rotation": [
      -0.01336839324040733,
      0.037598961510577886,
      0.0026486260612635765,
      0.9991999744472994
    ]
  },
  "leftFoot": {
    "rotation": [
      0,
      0,
      0,
      1
    ]
  },
  "leftHand": {
    "rotation": [
      -0.19890848507848338,
      0.00292561750091038,
      -0.002390689081731484,
      0.9800107856201052
    ]
  },
  "leftIndexDistal": {
    "rotation": [
      -0.003482561160585763,
      -0.0036997007623368588,
      0.4404952634991928,
      0.8977405565177551
    ]
  },
  "leftIndexIntermediate": {
    "rotation": [
      -0.007665974616171078,
      0.010670817226736953,
      0.42312001964816864,
      0.9059783747230565
    ]
  },
  "leftIndexProximal": {
    "rotation": [
      -0.035969820779096266,
      -0.0597373015824619,
      0.2346393408365807,
      0.9695782621967866
    ]
  },
  "leftLittleDistal": {
    "rotation": [
      0,
      0,
      0.6223422423662356,
      0.7827452544516419
    ]
  },
  "leftLittleIntermediate": {
    "rotation": [
      0,
      0,
      0.3934111410520772,
      0.9193626455844846
    ]
  },
  "leftLittleProximal": {
    "rotation": [
      0.052870023116583016,
      0.06983897669577317,
      0.410843775971009,
      0.9074881099692836
    ]
  },
  "leftLowerArm": {
    "rotation": [
      0.10515027988914069,
      -0.8274396609721258,
      -0.2755059226815066,
      0.47789487615686044
    ]
  },
  "leftLowerLeg": {
    "rotation": [
      0,
      0,
      0,
      1
    ]
  },
  "leftMiddleDistal": {
    "rotation": [
      0,
      0,
      0.5699393441332463,
      0.8216867675756774
    ]
  },
  "leftMiddleIntermediate": {
    "rotation": [
      0.026179040506992157,
      0.0616364104172655,
      0.568914581777726,
      0.8196656692760061
    ]
  },
  "leftMiddleProximal": {
    "rotation": [
      0,
      0,
      0.2215292968376092,
      0.9751537164173834
    ]
  },
  "leftRingDistal": {
    "rotation": [
      0,
      0,
      0.5496925797095736,
      0.835367025810951
    ]
  },
  "leftRingIntermediate": {
    "rotation": [
      0.0013958437929178144,
      0.00222992894175934,
      0.5486030133527329,
      0.8360788316763688
    ]
  },
  "leftRingProximal": {
    "rotation": [
      0.06229000744169179,
      0.06700356780347502,
      0.34994223607904945,
      0.9322933595615245
    ]
  },
  "leftShoulder": {
    "rotation": [
      0,
      0,
      -0.1269490204484549,
      0.9919092429285946
    ]
  },
  "leftThumbDistal": {
    "rotation": [
      -0.17840407334069433,
      0.42021007351009193,
      -0.13609848700173344,
      0.8792455189376461
    ]
  },
  "leftThumbIntermediate": {
    "rotation": [
      -0.03860162016902436,
      0.14991633974555635,
      -0.013035273910744927,
      0.9878588399319477
    ]
  },
  "leftThumbProximal": {
    "rotation": [
      -0.06744493903177144,
      0.1368315869916248,
      0.3211980911244232,
      0.9346443619144027
    ]
  },
  "leftToes": {
    "rotation": [
      0,
      0,
      0,
      1
    ]
  },
  "leftUpperArm": {
    "rotation": [
      0.09738382564359016,
      -0.02698718332463973,
      0.5871516725828939,
      0.8031444426890666
    ]
  },
  "leftUpperLeg": {
    "rotation": [
      -0.07267186311755967,
      -0.002902369658026378,
      8.72872711828762e-8,
      0.9973516814852137
    ]
  },
  "neck": {
    "rotation": [
      0,
      0,
      0,
      1
    ]
  },
  "rightEye": {
    "rotation": [
      -0.015968005192723355,
      0.024766397288775492,
      0.0035859017469888903,
      0.9995592977328364
    ]
  },
  "rightFoot": {
    "rotation": [
      0,
      0,
      0,
      1
    ]
  },
  "rightHand": {
    "rotation": [
      0,
      0,
      0,
      1
    ]
  },
  "rightIndexDistal": {
    "rotation": [
      -0.0005734270172973423,
      0.0004646796383938637,
      -0.5193330587664317,
      0.8545716057338856
    ]
  },
  "rightIndexIntermediate": {
    "rotation": [
      0,
      0,
      -0.4956505075259807,
      0.8685220632714161
    ]
  },
  "rightIndexProximal": {
    "rotation": [
      0,
      0,
      -0.21377790531265153,
      0.9768822893266799
    ]
  },
  "rightLittleDistal": {
    "rotation": [
      0,
      0,
      -0.6417815755822233,
      0.7668874814750851
    ]
  },
  "rightLittleIntermediate": {
    "rotation": [
      0,
      0,
      -0.5402996795609347,
      0.8414726711345718
    ]
  },
  "rightLittleProximal": {
    "rotation": [
      0,
      0,
      -0.3414618251348058,
      0.9398956441944006
    ]
  },
  "rightLowerArm": {
    "rotation": [
      -0.030769477359077108,
      0.8462052846147777,
      0.3753912766450455,
      0.37692339403634156
    ]
  },
  "rightLowerLeg": {
    "rotation": [
      -0.2775096536296824,
      0,
      0,
      0.9607228487666637
    ]
  },
  "rightMiddleDistal": {
    "rotation": [
      -0.00030731732399542347,
      0.0004244402510646267,
      -0.4041968501746531,
      0.9146718710638392
    ]
  },
  "rightMiddleIntermediate": {
    "rotation": [
      -0.003948455954714912,
      -0.00524641106923572,
      -0.44002743310731,
      0.8979603237223002
    ]
  },
  "rightMiddleProximal": {
    "rotation": [
      0,
      0,
      -0.12693969148813122,
      0.9919104368464413
    ]
  },
  "rightRingDistal": {
    "rotation": [
      0,
      0,
      -0.4692632929557848,
      0.883058300388085
    ]
  },
  "rightRingIntermediate": {
    "rotation": [
      0,
      0,
      -0.579357027131018,
      0.8150738832240356
    ]
  },
  "rightRingProximal": {
    "rotation": [
      0,
      0,
      -0.2010985060045116,
      0.9795710239093199
    ]
  },
  "rightShoulder": {
    "rotation": [
      0,
      0,
      0.1399186976486557,
      0.9901629956973266
    ]
  },
  "rightThumbDistal": {
    "rotation": [
      0,
      -0.5553317391218748,
      0,
      0.8316289193648054
    ]
  },
  "rightThumbIntermediate": {
    "rotation": [
      -0.18125488883790367,
      -0.1590158716491549,
      -0.1379263751678098,
      0.9606440198476685
    ]
  },
  "rightThumbProximal": {
    "rotation": [
      -0.14889896399811708,
      -0.12411650327313889,
      -0.12452977773620791,
      0.9730963603839586
    ]
  },
  "rightToes": {
    "rotation": [
      0,
      0,
      0,
      1
    ]
  },
  "rightUpperArm": {
    "rotation": [
      -0.10813958043975017,
      0.13282916204889889,
      -0.6545583511755174,
      0.7363529111493281
    ]
  },
  "rightUpperLeg": {
    "rotation": [
      0.1609311703575077,
      0.0063593558272742705,
      0.07028432670960524,
      0.9844393482687505
    ]
  },
  "spine": {
    "rotation": [
      0.017353717566070046,
      0.07225627457160855,
      0.010414391456057527,
      0.9971807357356386
    ]
  },
  "upperChest": {
    "rotation": [
      0,
      0,
      0,
      1
    ]
  }
}